{
  "model_type": "simple_enhanced",
  "features": "53D_selective",
  "final_test_acc": 0.8035792230467045,
  "final_test_f1": 0.8006430660086066,
  "model_parameters": 9762,
  "improvement_vs_original": 0.00557922304670444,
  "confusion_matrix": [
    [
      879,
      0
    ],
    [
      0,
      1412
    ]
  ]
}